USN,Student_name,Attendance percentage,Fine
3BR22AI001,A  REDDY ,65.0,400.0
3BR22AI002,A PRAVALIKA,68.0,400.0
3BR22AI003,AAFTAB ZOHRA,68.0,400.0
3BR22AI004,ABHISHEK  KUMAR ,65.0,400.0
3BR22AI005,AISHWARYA G,68.0,400.0
3BR22AI006,AKSHATHA   T  ,68.0,400.0
3BR22AI007,AMIT ,65.0,400.0
3BR22AI008,ANITHA ,88.0,0.0
3BR22AI009,ANJALI ,68.0,400.0
3BR22AI010,ANKIT M,65.0,400.0
3BR22AI011,ANKITH  VERMA ,79.0,200.0
3BR22AI012,ANUSHA B,68.0,400.0
3BR22AI013,ARCHANA KULKARNI,65.0,400.0
3BR22AI014,ARJUN HADAGALI,68.0,400.0
3BR22AI015,ARSHIYA ANJUM,68.0,400.0
3BR22AI016,ATHARVA ,79.0,200.0
3BR22AI017,AYEESHA SIMRAH,68.0,400.0
3BR22AI018,B AISHWARYA,68.0,400.0
3BR22AI019,B AKSHITHA,65.0,400.0
3BR22AI020,B   SAI  ,68.0,400.0
3BR22AI021,  R GURU VISHNU ,88.0,0.0
3BR22AI022,B   SHREE ROOPA  ,74.0,300.0
3BR22AI023,B VISHWANATH,68.0,400.0
3BR22AI024,BASAVARAJ MALIPATIL,68.0,400.0
3BR22AI025,BHAVANA JOSHI,65.0,400.0
3BR22AI026,BHAVANI KOTHAPALLI,88.0,0.0
3BR22AI027,BHAVYA ,68.0,400.0
3BR22AI028,BHUVANESHWAR G,65.0,400.0
3BR22AI029,BODAPATI PREETHI,68.0,400.0
3BR22AI030,BRAHMA K,68.0,400.0
3BR22AI031,NAGASRI PRAGNA ,74.0,300.0
3BR22AI032,C  PANDURANGA,68.0,400.0
3BR22AI033,CHAITRA PATIL,68.0,400.0
3BR22AI034,D  ESHWAR,68.0,400.0
3BR22AI035,D  SRIHARI ,68.0,400.0
3BR22AI036,D RANJITHA,68.0,400.0
3BR22AI037,D  VINDHU ,65.0,400.0
3BR22AI038,DAKSH ,68.0,400.0
3BR22AI039,DILEEP  E ,68.0,400.0
3BR22AI040,G ABHISHEK,76.0,200.0
3BR22AI041,G  KULKARNI ,68.0,400.0
3BR22AI042,G  CHANDANA ,79.0,200.0
3BR22AI043,G POOJITHA,65.0,400.0
3BR22AI044,G SAHETHI,68.0,400.0
3BR22AI045,GANGA ,68.0,400.0
3BR22AI046,GOURI ,65.0,400.0
3BR22AI047,GOUTAMI  DESHPANDE ,88.0,0.0
3BR22AI048,GUNDAPU LAKSHMI,68.0,400.0
3BR22AI049,GURUKIRAN S,65.0,400.0
3BR22AI050,H  ABHISHEK ,68.0,400.0
3BR22AI051,H SRINIVAS,68.0,400.0
3BR22AI052,HAFSA MOHAMMADI,65.0,400.0
3BR22AI053,HEMAVATHI E,85.0,0.0
3BR22AI054,HOLACHI  REDDY ,68.0,400.0
3BR22AI055,IKHLAS   RISALDAR  ,65.0,400.0
3BR22AI056,INDU  K ,68.0,400.0
3BR22AI057,J VINAY,82.0,100.0
3BR22AI058,K  GOUDA ,65.0,400.0
3BR22AI059,K  RAVI TEJA GOWDA ,68.0,400.0
3BR22AI060,K  ANJUM ,74.0,300.0
3BR22AI061,K NITYA,74.0,300.0
