USN,Student_name,02-12-2024,03-12-2024,04-12-2024,05-12-2024,06-12-2024,09-12-2024,10-12-2024,11-12-2024,12-12-2024,13-12-2024,16-12-2024,17-12-2024,18-12-2024,19-12-2024,20-12-2024,23-12-2024,24-12-2024,25-12-2024,26-12-2024,27-12-2024,30-12-2024,31-12-2024,01-01-2025,02-01-2025,03-01-2025,06-01-2025,07-01-2025,08-01-2025,09-01-2025,10-01-2025,13-01-2025,14-01-2025,15-01-2025,16-01-2025
3BR22AI001,A  REDDY ,A,P,P,A,P,P,A,P,P,A,P,P,A,P,P,A,P,P,A,P,P,A,P,P,A,P,P,A,P,P,A,P,P,A
3BR22AI002,A PRAVALIKA,P,P,A,P,P,A,P,P,A,P,P,A,P,P,A,P,P,A,P,P,A,P,P,A,P,P,A,P,P,A,P,P,A,P
3BR22AI003,AAFTAB ZOHRA,P,A,P,P,A,P,P,A,P,P,A,P,P,A,P,P,A,P,P,A,P,P,A,P,P,A,P,P,A,P,P,A,P,P
3BR22AI004,ABHISHEK  KUMAR ,A,P,P,A,P,P,A,P,P,A,P,P,A,P,P,A,P,P,A,P,P,A,P,P,A,P,P,A,P,P,A,P,P,A
3BR22AI005,AISHWARYA G,P,P,A,P,P,A,P,P,A,P,P,A,P,P,A,P,P,A,P,P,A,P,P,A,P,P,A,P,P,A,P,P,A,P
3BR22AI006,AKSHATHA   T  ,P,A,P,P,A,P,P,A,P,P,A,P,P,A,P,P,A,P,P,A,P,P,A,P,P,A,P,P,A,P,P,A,P,P
3BR22AI007,AMIT ,A,P,P,A,P,P,A,P,P,A,P,P,A,P,P,A,P,P,A,P,P,A,P,P,A,P,P,A,P,P,A,P,P,A
3BR22AI008,ANITHA ,P,P,P,P,P,P,P,P,P,P,P,P,P,P,A,P,P,A,P,P,A,P,P,A,P,P,A,P,P,A,P,P,A,P
3BR22AI009,ANJALI ,P,A,P,P,A,P,P,A,P,P,A,P,P,A,P,P,A,P,P,A,P,P,A,P,P,A,P,P,A,P,P,A,P,P
3BR22AI010,ANKIT M,A,P,P,A,P,P,A,P,P,A,P,P,A,P,P,A,P,P,A,P,P,A,P,P,A,P,P,A,P,P,A,P,P,A
3BR22AI011,ANKITH  VERMA ,P,P,A,P,P,A,P,P,P,P,P,P,P,P,A,P,P,A,P,P,A,P,P,A,P,P,A,P,P,A,P,P,A,P
3BR22AI012,ANUSHA B,P,A,P,P,A,P,P,A,P,P,A,P,P,A,P,P,A,P,P,A,P,P,A,P,P,A,P,P,A,P,P,A,P,P
3BR22AI013,ARCHANA KULKARNI,A,P,P,A,P,P,A,P,P,A,P,P,A,P,P,A,P,P,A,P,P,A,P,P,A,P,P,A,P,P,A,P,P,A
3BR22AI014,ARJUN HADAGALI,P,P,A,P,P,A,P,P,A,P,P,A,P,P,A,P,P,A,P,P,A,P,P,A,P,P,A,P,P,A,P,P,A,P
3BR22AI015,ARSHIYA ANJUM,P,A,P,P,A,P,P,A,P,P,A,P,P,A,P,P,A,P,P,A,P,P,A,P,P,A,P,P,A,P,P,A,P,P
3BR22AI016,ATHARVA ,A,P,P,A,P,P,A,P,P,P,P,P,P,P,P,P,P,P,P,P,P,P,P,P,A,P,P,A,P,P,A,P,P,A
3BR22AI017,AYEESHA SIMRAH,P,P,A,P,P,A,P,P,A,P,P,A,P,P,A,P,P,A,P,P,A,P,P,A,P,P,A,P,P,A,P,P,A,P
3BR22AI018,B AISHWARYA,P,A,P,P,A,P,P,A,P,P,A,P,P,A,P,P,A,P,P,A,P,P,A,P,P,A,P,P,A,P,P,A,P,P
3BR22AI019,B AKSHITHA,A,P,P,A,P,P,A,P,P,A,P,P,A,P,P,A,P,P,A,P,P,A,P,P,A,P,P,A,P,P,A,P,P,A
3BR22AI020,B   SAI  ,P,P,A,P,P,A,P,P,A,P,P,A,P,P,A,P,P,A,P,P,A,P,P,A,P,P,A,P,P,A,P,P,A,P
3BR22AI021,  R GURU VISHNU ,P,A,P,P,A,P,P,A,P,P,P,P,P,P,P,P,P,P,P,P,P,P,P,P,P,P,P,P,P,P,P,A,P,P
3BR22AI022,B   SHREE ROOPA  ,A,P,P,A,P,P,A,P,P,A,P,P,A,P,P,P,P,P,P,P,P,P,P,P,A,P,P,A,P,P,A,P,P,A
3BR22AI023,B VISHWANATH,P,P,A,P,P,A,P,P,A,P,P,A,P,P,A,P,P,A,P,P,A,P,P,A,P,P,A,P,P,A,P,P,A,P
3BR22AI024,BASAVARAJ MALIPATIL,P,A,P,P,A,P,P,A,P,P,A,P,P,A,P,P,A,P,P,A,P,P,A,P,P,A,P,P,A,P,P,A,P,P
3BR22AI025,BHAVANA JOSHI,A,P,P,A,P,P,A,P,P,A,P,P,A,P,P,A,P,P,A,P,P,A,P,P,A,P,P,A,P,P,A,P,P,A
3BR22AI026,BHAVANI KOTHAPALLI,P,P,A,P,P,A,P,P,A,P,P,A,P,P,P,P,P,P,P,P,P,P,P,P,P,P,P,P,P,P,P,P,P,P
3BR22AI027,BHAVYA ,P,A,P,P,A,P,P,A,P,P,A,P,P,A,P,P,A,P,P,A,P,P,A,P,P,A,P,P,A,P,P,A,P,P
3BR22AI028,BHUVANESHWAR G,A,P,P,A,P,P,A,P,P,A,P,P,A,P,P,A,P,P,A,P,P,A,P,P,A,P,P,A,P,P,A,P,P,A
3BR22AI029,BODAPATI PREETHI,P,P,A,P,P,A,P,P,A,P,P,A,P,P,A,P,P,A,P,P,A,P,P,A,P,P,A,P,P,A,P,P,A,P
3BR22AI030,BRAHMA K,P,A,P,P,A,P,P,A,P,P,A,P,P,A,P,P,A,P,P,A,P,P,A,P,P,A,P,P,A,P,P,A,P,P
3BR22AI031,NAGASRI PRAGNA ,A,P,P,A,P,P,P,P,P,P,P,P,P,P,P,A,P,P,A,P,P,A,P,P,A,P,P,A,P,P,A,P,P,A
3BR22AI032,C  PANDURANGA,P,P,A,P,P,A,P,P,A,P,P,A,P,P,A,P,P,A,P,P,A,P,P,A,P,P,A,P,P,A,P,P,A,P
3BR22AI033,CHAITRA PATIL,P,A,P,P,A,P,P,A,P,P,A,P,P,A,P,P,A,P,P,A,P,P,A,P,P,A,P,P,A,P,P,A,P,P
3BR22AI034,D  ESHWAR,A,P,P,A,P,P,A,P,P,A,P,P,A,P,P,A,P,P,A,P,P,A,P,P,A,P,P,A,P,P,A,P,P,A
3BR22AI035,D  SRIHARI ,P,P,A,P,P,A,P,P,A,P,P,A,P,P,A,P,P,A,P,P,A,P,P,A,P,P,A,P,P,A,P,P,A,P
3BR22AI036,D RANJITHA,P,A,P,P,A,P,P,A,P,P,A,P,P,A,P,P,A,P,P,A,P,P,A,P,P,A,P,P,A,P,P,A,P,P
3BR22AI037,D  VINDHU ,A,P,P,A,P,P,A,P,P,A,P,P,A,P,P,A,P,P,A,P,P,A,P,P,A,P,P,A,P,P,A,P,P,A
3BR22AI038,DAKSH ,P,P,A,P,P,A,P,P,A,P,P,A,P,P,A,P,P,A,P,P,A,P,P,A,P,P,A,P,P,A,P,P,A,P
3BR22AI039,DILEEP  E ,P,A,P,P,A,P,P,A,P,P,A,P,P,A,P,P,A,P,P,A,P,P,A,P,P,A,P,P,A,P,P,A,P,P
3BR22AI040,G ABHISHEK,A,P,P,A,P,P,A,P,P,A,P,P,A,P,P,A,P,P,A,P,P,A,P,P,P,P,P,P,P,P,P,P,P,P
3BR22AI041,G  KULKARNI ,P,P,A,P,P,A,P,P,A,P,P,A,P,P,A,P,P,A,P,P,A,P,P,A,P,P,A,P,P,A,P,P,A,P
3BR22AI042,G  CHANDANA ,P,A,P,P,A,P,P,A,P,P,A,P,P,P,P,P,P,P,P,P,P,P,P,P,P,A,P,P,A,P,P,A,P,P
3BR22AI043,G POOJITHA,A,P,P,A,P,P,A,P,P,A,P,P,A,P,P,A,P,P,A,P,P,A,P,P,A,P,P,A,P,P,A,P,P,A
3BR22AI044,G SAHETHI,P,P,A,P,P,A,P,P,A,P,P,A,P,P,A,P,P,A,P,P,A,P,P,A,P,P,A,P,P,A,P,P,A,P
3BR22AI045,GANGA ,P,A,P,P,A,P,P,A,P,P,A,P,P,A,P,P,A,P,P,A,P,P,A,P,P,A,P,P,A,P,P,A,P,P
3BR22AI046,GOURI ,A,P,P,A,P,P,A,P,P,A,P,P,A,P,P,A,P,P,A,P,P,A,P,P,A,P,P,A,P,P,A,P,P,A
3BR22AI047,GOUTAMI  DESHPANDE ,P,P,A,P,P,P,P,P,P,P,P,P,P,P,P,P,P,P,P,P,P,P,P,P,P,P,A,P,P,A,P,P,A,P
3BR22AI048,GUNDAPU LAKSHMI,P,A,P,P,A,P,P,A,P,P,A,P,P,A,P,P,A,P,P,A,P,P,A,P,P,A,P,P,A,P,P,A,P,P
3BR22AI049,GURUKIRAN S,A,P,P,A,P,P,A,P,P,A,P,P,A,P,P,A,P,P,A,P,P,A,P,P,A,P,P,A,P,P,A,P,P,A
3BR22AI050,H  ABHISHEK ,P,P,A,P,P,A,P,P,A,P,P,A,P,P,A,P,P,A,P,P,A,P,P,A,P,P,A,P,P,A,P,P,A,P
3BR22AI051,H SRINIVAS,P,A,P,P,A,P,P,A,P,P,A,P,P,A,P,P,A,P,P,A,P,P,A,P,P,A,P,P,A,P,P,A,P,P
3BR22AI052,HAFSA MOHAMMADI,A,P,P,A,P,P,A,P,P,A,P,P,A,P,P,A,P,P,A,P,P,A,P,P,A,P,P,A,P,P,A,P,P,A
3BR22AI053,HEMAVATHI E,P,P,A,P,P,A,P,P,P,P,P,P,P,P,P,P,P,P,P,P,P,P,P,P,P,P,A,P,P,A,P,P,A,P
3BR22AI054,HOLACHI  REDDY ,P,A,P,P,A,P,P,A,P,P,A,P,P,A,P,P,A,P,P,A,P,P,A,P,P,A,P,P,A,P,P,A,P,P
3BR22AI055,IKHLAS   RISALDAR  ,A,P,P,A,P,P,A,P,P,A,P,P,A,P,P,A,P,P,A,P,P,A,P,P,A,P,P,A,P,P,A,P,P,A
3BR22AI056,INDU  K ,P,P,A,P,P,A,P,P,A,P,P,A,P,P,A,P,P,A,P,P,A,P,P,A,P,P,A,P,P,A,P,P,A,P
3BR22AI057,J VINAY,P,A,P,P,A,P,P,A,P,P,A,P,P,A,P,P,P,P,P,P,P,P,P,P,P,P,P,P,P,P,P,A,P,P
3BR22AI058,K  GOUDA ,A,P,P,A,P,P,A,P,P,A,P,P,A,P,P,A,P,P,A,P,P,A,P,P,A,P,P,A,P,P,A,P,P,A
3BR22AI059,K  RAVI TEJA GOWDA ,P,P,A,P,P,A,P,P,A,P,P,A,P,P,A,P,P,A,P,P,A,P,P,A,P,P,A,P,P,A,P,P,A,P
3BR22AI060,K  ANJUM ,P,P,P,P,P,P,P,A,P,P,A,P,P,A,P,P,A,P,P,A,P,P,A,P,P,A,P,P,A,P,P,A,P,P
3BR22AI061,K NITYA,P,P,P,P,P,P,P,A,P,P,A,P,P,A,P,P,A,P,P,A,P,P,A,P,P,A,P,P,A,P,P,A,P,P
,,,,,,,,,,,,,,,,,,,,,,,,,,,,,,,,,,,
,,,,,,,,,,,,,,,,,,,,,,,,,,,,,,,,,,,
,,,,,,,,,,,,,,,,,,,,,,,,,,,,,,,,,,,
,,,,,,,,,,,,,,,,,,,,,,,,,,,,,,,,,,,
,,,,,,,,,,,,,,,,,,,,,,,,,,,,,,,,,,,
,,,,,,,,,,,,,,,,,,,,,,,,,,,,,,,,,,,
